name;surname;email;password;admin
Ogden;Radborne;oradborne0@opera.com;cJ2)s2x*HHJLf;FALSE
Devon;Edbrooke;dedbrooke1@cyberchimps.com;gS2={yq/;FALSE
Jamie;Winder;jwinder2@auda.org.au;zV7&&C85u~;FALSE
Christie;Hardiker;chardiker3@cam.ac.uk;"cH2'M""YJ9v'k{b";FALSE
Kaja;Claus;kclaus4@joomla.org;"dY8<kB&Z""GqjK!";FALSE
Stillman;Pocklington;spocklington5@csmonitor.com;hA9<k8o.;FALSE
Rodrique;Heads;rheads6@oaic.gov.au;uV5)ed5?TRRK\~;FALSE
Mellisa;Farbrace;mfarbrace7@patch.com;rK1*9WwtW;FALSE
Karlie;Bleythin;kbleythin8@guardian.co.uk;uR9~rEB3b<o(?;FALSE
Hanson;Aikman;haikman9@paginegialle.it;eO0?&nWspQ;FALSE
Etheline;Bosse;ebossea@cloudflare.com;qV5@W)QkL;FALSE
Yolande;Coch;ycochb@drupal.org;mL1%Me{5;FALSE
Hyman;Peet;hpeetc@altervista.org;sX5{C3|MXH;FALSE
Brad;Lomasny;blomasnyd@nytimes.com;uP5+dcOcO,!r\,_P;FALSE
Marice;Marcham;mmarchame@china.com.cn;"sT1{5""~(#";FALSE
Edie;Mival;emivalf@soup.io;uO9%)~\zLsGk;FALSE
Valeda;Kniveton;vknivetong@livejournal.com;aN4)lKd+%IFa9L;FALSE
Talbert;Younger;tyoungerh@google.com.br;"aQ4*v""M\Gqo_";FALSE
Ailsun;Sherville;ashervillei@rediff.com;yY2>f#I2ecT'$tHL;FALSE
Ariana;Wesson;awessonj@w3.org;eI7=A~_zif/NiJ3;FALSE
Cobbie;Phettis;cphettisk@aol.com;yJ3%A5`/AL&F;FALSE
Waylon;De Mitris;wdemitrisl@senate.gov;lJ3$8Ot+5;FALSE
Allin;Tyght;atyghtm@huffingtonpost.com;pL5+4kPPy8;FALSE
Celestyna;Steggals;csteggalsn@com.com;oP7`'fHWJ;FALSE
Brand;Cristofano;bcristofanoo@baidu.com;tN4+sy8ECETQLNEF;FALSE
Fernande;Roseman;frosemanp@samsung.com;aW2<il<Wm'`S;FALSE
Issie;Gowland;igowlandq@soundcloud.com;wJ1<$$%j*l;FALSE
Aldrich;Cornehl;acornehlr@mapy.cz;zQ3}9ch@_B28LP;FALSE
Eliza;Roebottom;eroebottoms@mayoclinic.com;qO0}Ttt|>C%;FALSE
Melodie;Packham;mpackhamt@bloglines.com;gE8>m`q3qY}ZMX;FALSE
Haily;Hedgeman;hhedgemanu@list-manage.com;pW5\'jo@thvi7!{P;FALSE
Waverley;Capper;wcapperv@sciencedirect.com;fE0*5}')7~1;FALSE
Colene;Acosta;cacostaw@huffingtonpost.com;gC8`*0pr9P,b;FALSE
Selig;Hubbis;shubbisx@cyberchimps.com;kL4>KJ#.v=GL~;FALSE
Merridie;Garioch;mgariochy@wikia.com;yH7!HAlhOJ|l!p;FALSE
Ulrich;Bordis;ubordisz@nhs.uk;bD7/R+kDmU;FALSE
Sybila;Aird;saird10@wikia.com;tH6,OrghcK7WRz!p;FALSE
Kendre;Lembrick;klembrick11@mashable.com;"kH1""nokUcZRDy";FALSE
Hazel;Brombell;hbrombell12@stumbleupon.com;pW6%|I#n<k@0jS;FALSE
Leigh;Pizey;lpizey13@lulu.com;vX3+m~iI;FALSE
Annamaria;Harfleet;aharfleet14@yolasite.com;rF4`<|.N;FALSE
Broddie;Di Bartolomeo;bdibartolomeo15@about.me;cS8,_(fcOH;FALSE
Shelby;Scneider;sscneider16@illinois.edu;lF2!Hh'zlN0G3;FALSE
Holden;Caffrey;hcaffrey17@t-online.de;uS4(}GxOwQKJM;FALSE
Jordan;Werrit;jwerrit18@fc2.com;hB1>|g%?+Tow;FALSE
Faulkner;Boots;fboots19@dedecms.com;lL7#wMth/a;FALSE
Kaile;Sargeant;ksargeant1a@utexas.edu;yJ6&=duAYW=O+o;FALSE
Iain;Stanners;istanners1b@networksolutions.com;xD9/Fp*cjGVlQ;FALSE
Ky;Matskevich;kmatskevich1c@theglobeandmail.com;iQ7(/}e7)sQ;FALSE
Kaile;Pardi;kpardi1d@phoca.cz;jA5/hM`eNbb;FALSE
Gerri;Kightly;gkightly1e@naver.com;sA3~J#hnTROiE%;FALSE
Jacquenetta;Matelyunas;jmatelyunas1f@wikimedia.org;wL1%Z<D~Bj;FALSE
Niki;O'Docherty;nodocherty1g@drupal.org;xW9_!(@{;FALSE
Eldin;Hendrichs;ehendrichs1h@prnewswire.com;kN8*ppWNl3+\!;FALSE
Renard;Pleaden;rpleaden1i@lulu.com;jY6/Puo$;FALSE
Devonne;Nealon;dnealon1j@yolasite.com;zQ2*`%wcmQz6atl;FALSE
Ber;Feechum;bfeechum1k@t.co;mM4#/W5v?DU$tY*;FALSE
Angelique;Bruin;abruin1l@telegraph.co.uk;zU9&FSP,X;FALSE
Kendal;Dinkin;kdinkin1m@howstuffworks.com;qK3>U(FA'5Tj,;FALSE
Evelyn;Pigne;epigne1n@diigo.com;xQ4)n.Fk#+/HH;FALSE
Leticia;Moulin;lmoulin1o@netscape.com;lS7)7Wwc{\=;FALSE
Mart;Zamora;mzamora1p@hp.com;rY5#9jMI=K<;FALSE
Nelson;Galland;ngalland1q@rediff.com;yA8%WleCI;FALSE
Johny;Lille;jlille1r@bloomberg.com;uV8|6Zq3K4.;FALSE
Margette;Stranks;mstranks1s@unicef.org;tR2,DOWYO;FALSE
Angela;Hursthouse;ahursthouse1t@nytimes.com;cY3*32x7*S|c;FALSE
Averill;Canner;acanner1u@is.gd;bA6!L8R3;FALSE
Ellerey;Craddock;ecraddock1v@mashable.com;bB5$5pYh<v?nmy;FALSE
Nikoletta;Coundley;ncoundley1w@eepurl.com;nD1\\qno)\;FALSE
Ben;Tewes;btewes1x@sakura.ne.jp;"tJ9""'TfRj@YVnu";FALSE
Vernon;McGhee;vmcghee1y@abc.net.au;jM0'WVorI,yp;FALSE
Noemi;Rapps;nrapps1z@slashdot.org;fX4@HSXN&S0G|;FALSE
Caryl;Kleuer;ckleuer20@hp.com;wO7&W1SFaqm0LX;FALSE
Blithe;Bealing;bbealing21@barnesandnoble.com;vG0}Gdh%C;FALSE
Corilla;Pessel;cpessel22@theatlantic.com;"dS9'U6RK""";FALSE
Nanice;Adamski;nadamski23@cornell.edu;fK0??{@P6=ie;FALSE
Adela;Golagley;agolagley24@stanford.edu;mW0%Xhw1jU91_Az;FALSE
Truman;Claige;tclaige25@pen.io;eL0=>sWJ$Cf;FALSE
Zebadiah;Croley;zcroley26@omniture.com;oD2#!Hz%w;FALSE
Ardra;Baribal;abaribal27@cyberchimps.com;tQ5,OhDW5}@;FALSE
Arvin;Murton;amurton28@ask.com;"oD1'D""Y+X)8";FALSE
Reyna;Tzar;rtzar29@networksolutions.com;zY5~!&N!_NM;FALSE
Cedric;Jankin;cjankin2a@cbslocal.com;uH5$K~G$;FALSE
Dwayne;Breach;dbreach2b@adobe.com;mB7/#{.&h@aBoq)6;FALSE
Chester;Wellsman;cwellsman2c@devhub.com;vG9{>JU'O3;FALSE
Randolf;Pashley;rpashley2d@about.com;yM1?+Y}#$3zP;FALSE
Hildegarde;Axtell;haxtell2e@si.edu;gK8`QZ&Xs;FALSE
Dallas;Setterthwait;dsetterthwait2f@youku.com;zB5.F&dtAeZhkX;FALSE
Elisabet;Figurski;efigurski2g@pinterest.com;wW2$\*dIQkCZ;FALSE
Caresse;Welbelove;cwelbelove2h@deliciousdays.com;uZ3_nPq.}8@;FALSE
Benedikta;Sawford;bsawford2i@wikipedia.org;aT4!=BnW6m>nZ6;FALSE
Viviana;Enderwick;venderwick2j@hp.com;"eV0/X<JA""kx";FALSE
Jessalin;Hoyland;jhoyland2k@senate.gov;xW5)g\DTz&hR{;FALSE
Grazia;Dencs;gdencs2l@google.ca;vA1#\XI8nM<8f;FALSE
Pepe;Beringer;pberinger2m@tiny.cc;cR6!E}i|06).LW});FALSE
Jean;Aust;jaust2n@amazon.co.uk;kQ9#h=b}Q;FALSE
Pansy;Faraker;pfaraker2o@odnoklassniki.ru;"wK6""p46lvmS";FALSE
Saidee;Bernardot;sbernardot2p@latimes.com;aO7>L4>V*9Z)B>)H;FALSE
Hewe;Lemm;hlemm2q@globo.com;"dT0""%uq)t?`aP8";FALSE
Tiertza;Lamdin;tlamdin2r@theatlantic.com;bH5))V#Nz;FALSE
test ;test;test@test.com;test;TRUE
